date,name,kind,source
2023-12-13,FOMC decision (hold),fomc,Federal Reserve FOMC calendar
2024-01-31,FOMC decision (hold),fomc,Federal Reserve FOMC calendar
2024-03-20,FOMC decision (hold),fomc,Federal Reserve FOMC calendar
2024-05-01,FOMC decision (hold),fomc,Federal Reserve FOMC calendar
2024-06-12,FOMC decision (hold),fomc,Federal Reserve FOMC calendar
2024-06-27,First presidential debate,election,public news record
2024-07-13,Rally shooting in Butler PA,election,public news record
2024-07-21,President Biden ends his campaign,election,public news record
2024-07-31,FOMC decision (hold),fomc,Federal Reserve FOMC calendar
2024-09-10,Harris-Trump debate,election,public news record
2024-09-18,FOMC decision (cut 50 bp),fomc,Federal Reserve FOMC calendar
2024-10-01,Vice-presidential debate,election,public news record
2024-11-05,Election day,election,public news record
2024-11-07,FOMC decision (cut 25 bp),fomc,Federal Reserve FOMC calendar
2024-12-18,FOMC decision (cut 25 bp),fomc,Federal Reserve FOMC calendar
2025-01-29,FOMC decision (hold),fomc,Federal Reserve FOMC calendar
